{
  "dashboard": "datasets/fixed_levels/dashboard_fixed_levels.html",
  "record": {
    "config": {
      "max_agents": 3,
      "max_breadth": 2,
      "max_depth": 2,
      "max_steps": 20,
      "max_width": 2,
      "seed": 2026,
      "seeded_questions": 15,
      "swarm_enabled": true
    },
    "created_at": "2026-04-01T18:48:39+00:00",
    "episodes": 15,
    "metrics": {
      "avg_compactness_reward": 0.0,
      "avg_connectivity_gain_reward": 0.16666666666666666,
      "avg_connectivity_reward": 0.16999999999999998,
      "avg_diversity_reward": 0.1157777777777778,
      "avg_entity_informativeness_reward": -0.08858065677817137,
      "avg_format_reward": 0.14999999999999997,
      "avg_graph_f1": 0.8492063492063492,
      "avg_knowledge_carrier_reward": 0.5,
      "avg_knowledge_indexing_reward": 0.052000000000000005,
      "avg_relation_informativeness_reward": 0.07135858524047924,
      "avg_reward": 4.197526826881651,
      "avg_soft_shaping_reward": 0.24999999999999994,
      "avg_spawn_count": 4.0,
      "avg_spawn_critical_steps": 6.0,
      "avg_steps_to_solution": 9.0,
      "deanonymization_accuracy": 1.0,
      "leaderboard_score": 0.8543934355282199,
      "retrieval_signal": 0.6932,
      "spawn_completion_rate": 1.0,
      "spawn_signal": 0.6666666666666666,
      "structural_signal": 0.5730889190257948,
      "task_success_rate": 1.0,
      "tool_efficiency": 0.5
    },
    "run_id": "run_0001",
    "run_name": "fixed_levels_qwen_swarm"
  },
  "summary": {
    "avg_compactness_reward": 0.0,
    "avg_connectivity_gain_reward": 0.16666666666666666,
    "avg_connectivity_reward": 0.16999999999999998,
    "avg_diversity_reward": 0.1157777777777778,
    "avg_entity_informativeness_reward": -0.08858065677817137,
    "avg_format_reward": 0.14999999999999997,
    "avg_graph_f1": 0.8492063492063492,
    "avg_knowledge_carrier_reward": 0.5,
    "avg_knowledge_indexing_reward": 0.052000000000000005,
    "avg_relation_informativeness_reward": 0.07135858524047924,
    "avg_reward": 4.197526826881651,
    "avg_soft_shaping_reward": 0.24999999999999994,
    "avg_spawn_count": 4.0,
    "avg_spawn_critical_steps": 6.0,
    "avg_steps_to_solution": 9.0,
    "deanonymization_accuracy": 1.0,
    "leaderboard_score": 0.8543934355282199,
    "retrieval_signal": 0.6932,
    "spawn_completion_rate": 1.0,
    "spawn_signal": 0.6666666666666666,
    "structural_signal": 0.5730889190257948,
    "task_success_rate": 1.0,
    "tool_efficiency": 0.5
  }
}
